name,first_name,second_name,birth_date,country
Yasser Fathi,Yasser,Fathi,6/11/2024,United Arab Emirates
Ammar Assim,Ammar,Assim,6/11/2024,United Arab Emirates
Azza Omer,Azza,Omer,6/11/2024,United Arab Emirates
Amna Mohammed,Amna,Mohammed,11/22/1990,United Arab Emirates
Tarig Abbas,Tarig,Abbas,11/22/2000,United Arab Emirates
Soaad  Ibrahim,Soaad,Ibrahim,3/1/2000,United Arab Emirates
,,,,
,,,,
,,,,
,,,,
,,,,
,,,,
,,,,
,,,,
